# profile	source	path	target	mode
portable	dotfiles	home/.bash_profile	home/bren/.bash_profile	0644
portable	dotfiles	home/.bashrc	home/bren/.bashrc	0644
portable	dotfiles	home/.config/btop/btop.conf	home/bren/.config/btop/btop.conf	0644
portable	dotfiles	home/.config/fontconfig/fonts.conf	home/bren/.config/fontconfig/fonts.conf	0644
portable	dotfiles	home/.config/foot/foot.ini	home/bren/.config/foot/foot.ini	0644
portable	dotfiles	home/.config/lf/lfrc	home/bren/.config/lf/lfrc	0644
portable	dotfiles	home/.config/lf/scope	home/bren/.config/lf/scope	0755
portable	dotfiles	home/.config/mpv/input.conf	home/bren/.config/mpv/input.conf	0644
portable	dotfiles	home/.config/mpv/mplayer-input.conf	home/bren/.config/mpv/mplayer-input.conf	0644
portable	dotfiles	home/.config/mpv/mpv.conf	home/bren/.config/mpv/mpv.conf	0644
portable	dotfiles	home/.config/mpv/restore-old-bindings.conf	home/bren/.config/mpv/restore-old-bindings.conf	0644
portable	dotfiles	home/.config/mpv/restore-osc-bindings.conf	home/bren/.config/mpv/restore-osc-bindings.conf	0644
portable	dotfiles	home/.config/swaylock/config	home/bren/.config/swaylock/config	0644
portable	dotfiles	home/.config/tofi/config	home/bren/.config/tofi/config	0644
portable	dotfiles	home/.config/wlogout/layout	home/bren/.config/wlogout/layout	0644
portable	dotfiles	home/.config/wlogout/style.css	home/bren/.config/wlogout/style.css	0644
portable	dotfiles	home/.config/xdg-desktop-portal/portals.conf	home/bren/.config/xdg-desktop-portal/portals.conf	0644
portable	dotfiles	home/.local/bin/bluefilter	home/bren/.local/bin/bluefilter	0755
portable	dotfiles	home/.local/bin/dwl-autostart	home/bren/.local/bin/dwl-autostart	0755
portable	dotfiles	home/.local/bin/dwl-session	home/bren/.local/bin/dwl-session	0755
portable	dotfiles	home/.local/bin/fetch	home/bren/.local/bin/fetch	0755
portable	dotfiles	home/.local/bin/net	home/bren/.local/bin/net	0755
portable	dotfiles	home/.local/bin/screenshots	home/bren/.local/bin/screenshots	0755
portable	dotfiles	home/.local/bin/statusd	home/bren/.local/bin/statusd	0755
portable	dotfiles	home/.local/bin/wallpaper	home/bren/.local/bin/wallpaper	0755
portable	dotfiles	home/.profile	home/bren/.profile	0644
portable	dotfiles	home/.vimrc	home/bren/.vimrc	0644
portable	dotfiles	etc/doas.conf	etc/doas.conf	0600
framework	dotfiles	usr/local/bin/hibernate	usr/local/bin/hibernate	0755
portable	dotfiles	etc/runit/sv/agetty-tty1/conf	etc/runit/sv/agetty-tty1/conf	0755
portable	dotfiles	etc/runit/sv/dhcpcd/run	etc/runit/sv/dhcpcd/run	0755
portable	dotfiles	etc/runit/sv/seatd/run	etc/runit/sv/seatd/run	0755
portable	dotfiles	etc/runit/sv/seatd/check	etc/runit/sv/seatd/check	0755
framework	dotfiles	etc/runit/sv/wpa_supplicant/run	etc/runit/sv/wpa_supplicant/run	0755
framework	dotfiles	etc/runit/sv/wpa_supplicant/conf	etc/runit/sv/wpa_supplicant/conf	0644
portable	bootstrap	files/portable/etc/dhcpcd.conf	etc/dhcpcd.conf	0644
portable	bootstrap	files/portable/etc/nsswitch.conf	etc/nsswitch.conf	0644
portable	bootstrap	files/portable/etc/shells	etc/shells	0644
portable	bootstrap	files/portable/etc/security/limits.conf	etc/security/limits.conf	0644
portable	bootstrap	files/portable/etc/locale.conf	etc/locale.conf	0644
portable	bootstrap	files/portable/etc/hostname	etc/hostname	0644
portable	bootstrap	files/portable/etc/hosts	etc/hosts	0644
portable	bootstrap	files/portable/etc/runit/sv/sshd/run	etc/runit/sv/sshd/run	0755
portable	bootstrap	files/portable/usr/local/bin/lock	usr/local/bin/lock	0755
portable	bootstrap	files/portable/usr/local/bin/reboot	usr/local/bin/reboot	0755
portable	bootstrap	files/portable/usr/local/bin/poweroff	usr/local/bin/poweroff	0755
framework	bootstrap	files/framework/etc/booster.yaml	etc/booster.yaml	0644
framework	bootstrap	files/framework/etc/modprobe.d/kvm.conf	etc/modprobe.d/kvm.conf	0644
framework	bootstrap	files/framework/etc/modprobe.d/framework-usbpd.conf	etc/modprobe.d/framework-usbpd.conf	0644
framework	bootstrap	files/framework/etc/udev/rules.d/50-freerdp-webcam.rules	etc/udev/rules.d/50-freerdp-webcam.rules	0644
framework	bootstrap	files/framework/etc/bluetooth/main.conf	etc/bluetooth/main.conf	0644
framework	bootstrap	files/framework/etc/runit/sv/bluetoothd/run	etc/runit/sv/bluetoothd/run	0755
framework	bootstrap	files/framework/etc/runit/sv/bluetoothd/log/run	etc/runit/sv/bluetoothd/log/run	0755
framework	bootstrap	files/framework/etc/pam.d/doas	etc/pam.d/doas	0644
framework	bootstrap	files/framework/etc/pam.d/swaylock	etc/pam.d/swaylock	0644
framework	bootstrap	files/framework/etc/pam.d/system-local-login	etc/pam.d/system-local-login	0644
framework	bootstrap	files/framework/home/bren/.local/bin/windows	home/bren/.local/bin/windows	0755
framework	bootstrap	files/framework/home/bren/.local/libexec/windows-rdp-ready	home/bren/.local/libexec/windows-rdp-ready	0755
portable	bootstrap	files/portable/etc/locale.gen	etc/locale.gen	0644
framework	bootstrap	files/framework/home/bren/.config/obs-studio/basic/profiles/Untitled/basic.ini	home/bren/.config/obs-studio/basic/profiles/Untitled/basic.ini	0644
framework	dotfiles	home/.config/obs-studio/basic/profiles/Untitled/streamEncoder.json	home/bren/.config/obs-studio/basic/profiles/Untitled/streamEncoder.json	0644
framework	dotfiles	home/.config/obs-studio/basic/profiles/Untitled/recordEncoder.json	home/bren/.config/obs-studio/basic/profiles/Untitled/recordEncoder.json	0644
portable	desktop	usr/local/bin/dwl	usr/local/bin/dwl	0755
portable	desktop	usr/local/libexec/dwl-codex	usr/local/libexec/dwl-codex	0755
portable	desktop	usr/local/bin/dwlb	usr/local/bin/dwlb	0755
portable	desktop	usr/local/share/wayland-sessions/dwl.desktop	usr/local/share/wayland-sessions/dwl.desktop	0644
